id,nom,prenom,dateNaissance
1,Ainge,Ferdinande,12/22/1975
2,Ciciari,Opaline,12/5/1973
3,Beaford,Luci,6/6/2023
4,Kidney,Dusty,6/4/1996
5,Lindenman,Doug,6/3/2014
6,Sidebotton,Renate,3/3/1972
7,Alpin,Olia,1/4/2017
8,Belk,Samuel,12/4/1989
9,Grogona,Lucila,4/14/2009
10,Emmet,Sissy,10/18/1985
11,Stanmer,Adrian,5/1/2000
12,Vanyatin,Gaye,11/11/1996
13,Bruffell,Hodge,8/6/1980
14,Cato,Kristien,9/13/2024
15,Coveley,Arv,11/16/2002
16,Connaughton,Saunders,10/2/1995
17,Downing,Eolanda,8/5/1973
18,Francey,Valery,4/27/1984
19,Edmeades,Sibby,10/7/1985
20,Bang,Cyndie,5/23/1986
21,Myles,Eben,12/21/1974
22,Fairbrass,Ruperta,3/12/1995
23,Demko,Llywellyn,10/3/1971
24,Gravenell,Travis,2/22/1972
25,Bellis,Caitrin,10/5/2009
26,Pawel,Eilis,7/25/1997
27,Hardin,Rockey,3/31/1989
28,Mainwaring,Fabian,7/3/2019
29,Tuckey,Tremain,3/4/1980
30,Vallentine,Gino,2/11/2014
31,Antliff,Mickey,10/4/2021
32,Terry,Guinevere,2/27/2005
33,Hemphrey,Michele,3/21/2015
34,Spawton,Ernie,4/3/1990
35,Maystone,Dion,11/17/1983
36,Guerrero,Ives,9/2/1984
37,Paternoster,Neille,7/14/2019
38,Aylmer,Alisha,3/14/2008
39,Shotbolt,Alvina,10/7/1995
40,Bossom,Veronica,8/6/2015
41,Colvill,Christi,9/30/1975
42,Gringley,Margery,12/2/1978
43,Penelli,Pincus,7/30/2004
44,Culver,Perri,8/21/1981
45,Snozzwell,Jamie,10/13/2004
46,Glascott,Rabi,12/12/1989
47,Easum,Bryna,7/21/1983
48,McCardle,Burgess,2/7/2009
49,Mallabone,Cassaundra,11/24/2003
50,Newe,Fairfax,5/14/2015
51,Burnip,Mady,12/29/2002
52,Ianni,Myranda,3/25/2014
53,Birrel,Worthington,11/1/1982
54,Lidell,Korie,7/29/2022
55,Eul,Archibold,2/20/1973
56,Witherbed,Ezra,2/7/1971
57,Goucher,Sebastiano,3/28/2002
58,Monck,Robinet,8/18/2002
59,Hurran,Laurie,5/4/2015
60,Crocken,Langsdon,5/29/1988
61,Donett,Lauralee,12/24/1981
62,O'Lagen,Cristal,3/17/2025
63,Yeowell,Maryanne,8/18/2012
64,Wickliffe,Tyrus,3/19/1976
65,Blemen,Thekla,8/16/2006
66,Glenfield,Marcellus,5/24/1982
67,Blakey,Jillian,3/22/2021
68,Scoles,Massimo,9/8/1984
69,Altofts,Claudina,12/10/1979
70,Moscon,Harley,6/29/1970
71,Hefner,Mareah,1/13/1971
72,De Blase,Johannah,7/7/1996
73,Dibner,Felike,11/20/2024
74,Dowdell,Tammy,11/26/2023
75,Cochrane,Byron,7/29/1989
76,Adamoli,Avictor,8/10/1998
77,Jedrzejkiewicz,Carri,1/31/1971
78,Winchcomb,Heriberto,12/30/1978
79,Hinkens,Julita,1/15/2003
80,Donneely,Ardith,1/26/2002
81,Penrith,Hercules,4/14/1978
82,McCague,Enoch,1/3/1976
83,Kalkofen,Elladine,6/30/2007
84,Buggs,Mildred,1/11/1979
85,Wetherby,Rena,3/9/1989
86,Osment,Jesse,12/12/1999
87,Pembridge,Nessy,4/25/2018
88,Cocks,Lonnie,2/7/1973
89,Surridge,Deena,7/16/2019
90,Jost,Ragnar,5/6/1980
91,Bassano,Peria,1/18/1993
92,Scriver,Hersh,1/16/1991
93,Iacovuzzi,Etty,9/19/1975
94,Shorrock,Mychal,11/18/1978
95,Margery,Barbabra,4/17/2009
96,Seamark,Abbye,12/3/2020
97,Frary,Harman,4/27/2023
98,Ruscoe,Violetta,5/1/1974
99,Gaitung,Genni,12/12/2006
100,Mulhall,Patsy,12/3/1973
101,Davenport,Meara,12/22/1998
102,Holcroft,Akim,2/27/1976
103,Goreway,Olivette,2/7/1998
104,Lahiff,Virginie,8/20/1976
105,Gilleon,Cesya,12/28/2010
106,Koppen,Deina,12/7/1975
107,Nicklin,Hetty,6/24/1995
108,Hinckley,Brendin,5/28/2002
109,Lequeux,Melany,12/18/1996
110,Gudd,Raul,3/17/1994
111,Rappa,Gerrilee,4/12/2025
112,O'Geneay,Keenan,11/19/1999
113,Skillitt,Waylon,11/14/1978
114,Kasting,Elwira,6/27/2000
115,Spadari,Fallon,5/3/1979
116,Braddon,Jacquelin,2/26/2001
117,Wardingley,Ethelbert,7/30/1982
118,Colebrook,Eydie,12/26/2009
119,Flye,Mellie,11/8/1991
120,Spalls,Sadye,5/14/1989
121,Cowe,Rochette,3/5/1998
122,Squire,Priscilla,2/7/1987
123,Upton,Juanita,6/2/1996
124,Reiglar,Jdavie,8/14/1971
125,Wolstencroft,Karrah,10/27/2018
126,Dobie,Inness,9/24/1987
127,Townsend,Gerri,7/2/2008
128,Arpur,Berni,4/8/2008
129,O'Fairy,Ambrosio,1/27/1973
130,Bransom,Rockie,3/28/1981
131,Larrad,Fredericka,4/23/1986
132,Valenti,Maxie,9/29/2004
133,McGrae,Abbott,7/24/1974
134,Mattam,Isaac,1/3/1993
135,Elston,Derril,3/1/1975
136,Gueinn,Clarine,7/2/2000
137,Rollinson,Madelon,8/9/2000
138,Bruneton,Edee,5/9/1989
139,Bentzen,Kristian,9/27/1975
140,Urling,Bernhard,8/3/2002
141,Megany,Julie,6/10/2006
142,Parramore,Trudey,9/1/1977
143,Blakesley,Sabine,3/22/1995
144,Petyanin,Lida,3/3/2010
145,Fassmann,Ashil,2/16/2001
146,Freschini,Leshia,12/19/2014
147,MacRonald,Katrinka,8/27/2011
148,Siaspinski,Lorianne,4/23/2009
149,Cawthera,Car,4/29/2021
150,Trewhela,Quintin,11/18/1976
151,Kermannes,Alta,12/16/2003
152,O'Reilly,Rosette,11/1/1995
153,Taynton,Shaun,1/16/1989
154,Rohloff,Kacey,11/28/1982
155,Kindell,Alyce,3/10/1997
156,Creelman,Jammal,10/17/2020
157,Jurca,Doro,7/22/2006
158,Juszczak,Jeanie,1/13/2001
159,McHenry,Bertie,12/1/1995
160,Fillan,Thorvald,3/2/2012
161,Hyder,Cymbre,2/12/1993
162,Zamboniari,Wolf,12/13/1971
163,Franzettoini,Timothea,12/26/1971
164,Morratt,Giulio,7/10/1983
165,Wakeman,Darla,10/7/1975
166,McMenamie,Berkly,4/25/1976
167,Moorman,Mandel,2/20/2017
168,Allibone,Shelli,4/28/2020
169,Loney,Liam,12/13/1983
170,Camacke,Cissiee,4/9/2014
171,McClifferty,Kala,2/12/1984
172,Clarke-Williams,Feliza,7/5/1977
173,Lockey,Dame,5/9/1971
174,Rajchert,Cecilia,12/30/1994
175,Lister,Bennie,12/12/2013
176,Hardisty,Zarah,6/5/1990
177,Popescu,Michal,5/20/2016
178,Baldassi,Lamar,10/29/2001
179,Sturges,Georgie,12/29/1993
180,Mora,Basilio,11/10/1979
181,Burrells,Emanuele,10/22/2000
182,Radley,Tasha,10/6/1990
183,Siret,Cliff,9/15/1996
184,Matresse,Ardella,5/10/1974
185,Hoyte,Claiborne,7/21/1985
186,Horley,Shawn,10/5/2018
187,McKane,Verna,2/3/2021
188,Hirtz,Lidia,11/30/1982
189,Eason,Gregoire,7/12/1994
190,Plail,Araldo,9/22/1984
191,Marsland,Cyrillus,2/7/2021
192,Creigan,Jeanne,1/16/1976
193,Akitt,Rebbecca,11/26/2018
194,Brewer,Piotr,6/22/1999
195,McKane,Sigismundo,4/18/2022
196,Bavridge,Mil,8/2/1997
197,Kurtis,Towney,3/7/2003
198,Armsden,Nye,3/22/1989
199,Angear,Malva,3/8/1972
200,Duell,Lyndell,9/26/1983
